subref	form	norm	lemma	tag	curated
406@ΣΩ	ΣΩ	σω			n
406@Κλειτοφῶντα	Κλειτοφῶντα	κλειτοφῶντα			n
406@τὸν	τὸν	τόν			n
406@Ἀριστωνύμου	Ἀριστωνύμου	ἀριστωνύμου			n
406@τις	τις	τὶς			n
406@ἡμῖν	ἡμῖν	ἡμῖν			n
406@διηγεῖτο	διηγεῖτο	διηγεῖτο			n
406@ἔναγχος	ἔναγχος	ἔναγχος			n
406@ὅτι	ὅτι	ὅτι			n
406@Λυσίᾳ	Λυσίᾳ	λυσίᾳ			n
406@διαλεγόμενος	διαλεγόμενος	διαλεγόμενος			n
406@τὰς	τὰς	τάς			n
406@μὲν	μὲν	μέν			n
406@μετὰ	μετὰ	μετά			n
406@Σωκράτους	Σωκράτους	σωκράτους			n
406@διατριβὰς	διατριβὰς	διατριβάς			n
406@ψέγοι	ψέγοι	ψέγοι			n
406@τὴν	τὴν	τήν			n
406@Θρασυμάχου	Θρασυμάχου	θρασυμάχου			n
406@δὲ	δὲ	δέ			n
406@συνουσίαν	συνουσίαν	συνουσίαν			n
406@ὑπερεπαινοῖ	ὑπερεπαινοῖ	ὑπερεπαινοῖ			n
406@ΚΛΕΙ	ΚΛΕΙ	κλει			n
406@ὅστις	ὅστις	ὅστις			n
406@ὦ	ὦ	ὦ			n
406@Σώκρατες	Σώκρατες	σώκρατες			n
406@οὐκ	οὐκ	οὐ			n
406@ὀρθῶς	ὀρθῶς	ὀρθῶς			n
406@ἀπεμνημόνευέ	ἀπεμνημόνευέ	ἀπεμνημόνευε			n
406@σοι	σοι	σοι			n
406@τοὺς	τοὺς	τούς			n
406@ἐμοὶ	ἐμοὶ	ἐμοί			n
406@περὶ	περὶ	περί			n
406@σοῦ	σοῦ	σοῦ			n
406@γενομένους	γενομένους	γενομένους			n
406@λόγους	λόγους	λόγους			n
406@πρὸς	πρὸς	πρός			n
406@Λυσίαν	Λυσίαν	λυσίαν			n
406@τὰ[3]	τὰ	τά			n
406@μὲν[2]	μὲν	μέν			n
406@γὰρ	γὰρ	γάρ			n
406@ἔγωγε	ἔγωγε	ἔγωγε			n
406@οὐκ[2]	οὐκ	οὐ			n
406@ἐπῄνουν	ἐπῄνουν	ἐπῄνουν			n
406@σε	σε	σε			n
406@τὰ[4]	τὰ	τά			n
406@δὲ[2]	δὲ	δέ			n
406@καὶ	καὶ	καί			n
406@ἐπῄνουν[2]	ἐπῄνουν	ἐπῄνουν			n
406@ἐπεὶ	ἐπεὶ	ἐπεί			n
406@δὲ[3]	δὲ	δέ			n
406@δῆλος	δῆλος	δῆλος			n
406@εἶ	εἶ	εἶ			n
406@μεμφόμενος	μεμφόμενος	μεμφόμενος			n
406@μέν[2]	μέν	μέν			n
406@μοι	μοι	μοι			n
406@προσποιούμενος	προσποιούμενος	προσποιούμενος			n
406@δὲ[4]	δὲ	δέ			n
406@μηδὲν	μηδὲν	μηδέν			n
406@φροντίζειν	φροντίζειν	φροντίζειν			n
406@ἥδιστʼ	ἥδιστʼ	ἥδιστʼ			n
406@ἄν	ἄν	ἄν			n
406@σοι[2]	σοι	σοι			n
406@διεξέλθοιμι	διεξέλθοιμι	διεξέλθοιμι			n
406@αὐτοὺς	αὐτοὺς	αὐτούς			n
406@αὐτός	αὐτός	αὐτός			n
406@ἐπειδὴ	ἐπειδὴ	ἐπειδή			n
406@καὶ[2]	καὶ	καί			n
406@μόνω	μόνω	μόνω			n
406@τυγχάνομεν	τυγχάνομεν	τυγχάνομεν			n
406@ὄντε	ὄντε	ὄντε			n
406@ἵνα	ἵνα	ἵνα			n
406@ἧττόν	ἧττόν	ἧττον			n
406@με[7]	με	με			n
406@ἡγῇ	ἡγῇ	ἡγῇ			n
406@πρὸς[2]	πρὸς	πρός			n
406@σὲ	σὲ	σέ			n
406@φαύλως	φαύλως	φαύλως			n
406@ἔχειν	ἔχειν	ἔχειν			n
406@νῦν	νῦν	νῦν			n
406@γὰρ[2]	γὰρ	γάρ			n
406@ἴσως	ἴσως	ἴσως			n
406@οὐκ[3]	οὐκ	οὐ			n
406@ὀρθῶς[2]	ὀρθῶς	ὀρθῶς			n
406@ἀκήκοας	ἀκήκοας	ἀκήκοας			n
406@ὥστε	ὥστε	ὥστε			n
406@φαίνῃ	φαίνῃ	φαίνῃ			n
406@πρὸς[3]	πρὸς	πρός			n
406@ἐμὲ	ἐμὲ	ἐμέ			n
406@ἔχειν[2]	ἔχειν	ἔχειν			n
406@τραχυτέρως	τραχυτέρως	τραχυτέρως			n
406@τοῦ	τοῦ	τοῦ			n
406@δέοντος	δέοντος	δέοντος			n
406@εἰ	εἰ	εἰ			n
406@δέ[2]	δέ	δέ			n
406@μοι[2]	μοι	μοι			n
406@δίδως	δίδως	δίδως			n
406@παρρησίαν	παρρησίαν	παρρησίαν			n
406@ἥδιστα	ἥδιστα	ἥδιστα			n
406@ἂν	ἂν	ἄν			n
406@δεξαίμην	δεξαίμην	δεξαίμην			n
406@καὶ[3]	καὶ	καί			n
406@ἐθέλω	ἐθέλω	ἐθέλω			n
406@λέγειν	λέγειν	λέγειν			n
407@ΣΩ	ΣΩ	σω			n
407@ἀλλʼ	ἀλλʼ	ἀλλʼ			n
407@αἰσχρὸν	αἰσχρὸν	αἰσχρόν			n
407@μὴν	μὴν	μήν			n
407@σοῦ	σοῦ	σοῦ			n
407@γε	γε	γέ			n
407@ὠφελεῖν	ὠφελεῖν	ὠφελεῖν			n
407@με	με	με			n
407@προθυμουμένου	προθυμουμένου	προθυμουμένου			n
407@μὴ[2]	μὴ	μή			n
407@ὑπομένειν	ὑπομένειν	ὑπομένειν			n
407@δῆλον	δῆλον	δῆλον			n
407@γὰρ	γὰρ	γάρ			n
407@ὡς	ὡς	ὡς			n
407@γνοὺς	γνοὺς	γνούς			n
407@ὅπῃ	ὅπῃ	ὅπῃ			n
407@χείρων	χείρων	χείρων			n
407@εἰμὶ	εἰμὶ	εἰμί			n
407@καὶ	καὶ	καί			n
407@βελτίων	βελτίων	βελτίων			n
407@τὰ	τὰ	τά			n
407@μὲν	μὲν	μέν			n
407@ἀσκήσω	ἀσκήσω	ἀσκήσω			n
407@καὶ[2]	καὶ	καί			n
407@διώξομαι	διώξομαι	διώξομαι			n
407@τὰ[2]	τὰ	τά			n
407@δὲ	δὲ	δέ			n
407@φεύξομαι	φεύξομαι	φεύξομαι			n
407@κατὰ	κατὰ	κατά			n
407@κράτος	κράτος	κράτος			n
407@ΚΛΕΙ	ΚΛΕΙ	κλει			n
407@ἀκούοις	ἀκούοις	ἀκούοις			n
407@ἄν	ἄν	ἄν			n
407@ἐγὼ	ἐγὼ	ἐγώ			n
407@γάρ	γάρ	γάρ			n
407@ὦ	ὦ	ὦ			n
407@Σώκρατες	Σώκρατες	σώκρατες			n
407@σοὶ	σοὶ	σοί			n
407@συγγιγνόμενος	συγγιγνόμενος	συγγιγνόμενος			n
407@πολλάκις	πολλάκις	πολλάκις			n
407@ἐξεπληττόμην	ἐξεπληττόμην	ἐξεπληττόμην			n
407@ἀκούων	ἀκούων	ἀκούων			n
407@καί	καί	καί			n
407@μοι	μοι	μοι			n
407@ἐδόκεις	ἐδόκεις	ἐδόκεις			n
407@παρὰ	παρὰ	παρά			n
407@τοὺς	τοὺς	τούς			n
407@ἄλλους	ἄλλους	ἄλλους			n
407@ἀνθρώπους	ἀνθρώπους	ἀνθρώπους			n
407@κάλλιστα	κάλλιστα	κάλλιστα			n
407@λέγειν	λέγειν	λέγειν			n
407@ὁπότε	ὁπότε	ὁπότε			n
407@ἐπιτιμῶν	ἐπιτιμῶν	ἐπιτιμῶν			n
407@τοῖς	τοῖς	τοῖς			n
407@ἀνθρώποις	ἀνθρώποις	ἀνθρώποις			n
407@ὥσπερ	ὥσπερ	ὥσπερ			n
407@ἐπὶ	ἐπὶ	ἐπί			n
407@μηχανῆς	μηχανῆς	μηχανῆς			n
407@τραγικῆς	τραγικῆς	τραγικῆς			n
407@θεός	θεός	θεός			n
407@ὕμνεις	ὕμνεις	ὕμνεις			n
407@λέγων	λέγων	λέγων			n
407@ποῖ	ποῖ	ποῖ			n
407@φέρεσθε	φέρεσθε	φέρεσθε			n
407@ὤνθρωποι	ὤνθρωποι	ὤνθρωποι			n
407@καὶ[3]	καὶ	καί			n
407@ἀγνοεῖτε	ἀγνοεῖτε	ἀγνοεῖτε			n
407@οὐδὲν	οὐδὲν	οὐδέν			n
407@τῶν	τῶν	τῶν			n
407@δεόντων	δεόντων	δεόντων			n
407@πράττοντες	πράττοντες	πράττοντες			n
407@οἵτινες	οἵτινες	οἵτινες			n
407@χρημάτων	χρημάτων	χρημάτων			n
407@μὲν[2]	μὲν	μέν			n
407@πέρι	πέρι	πέρι			n
407@τὴν	τὴν	τήν			n
407@πᾶσαν	πᾶσαν	πᾶσαν			n
407@σπουδὴν	σπουδὴν	σπουδήν			n
407@ἔχετε	ἔχετε	ἔχετε			n
407@ὅπως	ὅπως	ὅπως			n
407@ὑμῖν	ὑμῖν	ὑμῖν			n
407@ἔσται	ἔσται	ἔσται			n
407@τῶν[2]	τῶν	τῶν			n
407@δʼ	δʼ	δʼ			n
407@ὑέων	ὑέων	ὑέων			n
407@οἷς	οἷς	οἷς			n
407@ταῦτα	ταῦτα	ταῦτα			n
407@παραδώσετε	παραδώσετε	παραδώσετε			n
407@ὅπως[2]	ὅπως	ὅπως			n
407@ἐπιστήσονται	ἐπιστήσονται	ἐπιστήσονται			n
407@χρῆσθαι	χρῆσθαι	χρῆσθαι			n
407@δικαίως	δικαίως	δικαίως			n
407@τούτοις	τούτοις	τούτοις			n
407@οὔτε	οὔτε	οὔτε			n
407@διδασκάλους	διδασκάλους	διδασκάλους			n
407@αὐτοῖς	αὐτοῖς	αὐτοῖς			n
407@εὑρίσκετε	εὑρίσκετε	εὑρίσκετε			n
407@τῆς	τῆς	τῆς			n
407@δικαιοσύνης	δικαιοσύνης	δικαιοσύνης			n
407@εἴπερ	εἴπερ	εἴπερ			n
407@μαθητόν	μαθητόν	μαθητόν			n
407@εἰ[2]	εἰ	εἰ			n
407@δὲ[3]	δὲ	δέ			n
407@μελετητόν	μελετητόν	μελετητόν			n
407@τε[9]	τε	τέ			n
407@καὶ[4]	καὶ	καί			n
407@ἀσκητόν	ἀσκητόν	ἀσκητόν			n
407@οἵτινες[2]	οἵτινες	οἵτινες			n
407@ἐξασκήσουσιν	ἐξασκήσουσιν	ἐξασκήσουσιν			n
407@καὶ[5]	καὶ	καί			n
407@ἐκμελετήσουσιν	ἐκμελετήσουσιν	ἐκμελετήσουσιν			n
407@ἱκανῶς	ἱκανῶς	ἱκανῶς			n
407@οὐδέ	οὐδέ	οὐδέ			n
407@γʼ	γʼ	γʼ			n
407@ἔτι	ἔτι	ἔτι			n
407@πρότερον	πρότερον	πρότερον			n
407@ὑμᾶς	ὑμᾶς	ὑμᾶς			n
407@αὐτοὺς	αὐτοὺς	αὐτούς			n
407@οὕτως	οὕτως	οὕτως			n
407@ἐθεραπεύσατε	ἐθεραπεύσατε	ἐθεραπεύσατε			n
407@ἀλλʼ[2]	ἀλλʼ	ἀλλʼ			n
407@ὁρῶντες	ὁρῶντες	ὁρῶντες			n
407@γράμματα	γράμματα	γράμματα			n
407@καὶ[6]	καὶ	καί			n
407@μουσικὴν	μουσικὴν	μουσικήν			n
407@καὶ[7]	καὶ	καί			n
407@γυμναστικὴν	γυμναστικὴν	γυμναστικήν			n
407@ὑμᾶς[2]	ὑμᾶς	ὑμᾶς			n
407@τε[13]	τε	τέ			n
407@αὐτοὺς[2]	αὐτοὺς	αὐτούς			n
407@καὶ[8]	καὶ	καί			n
407@τοὺς[4]	τοὺς	τούς			n
407@παῖδας	παῖδας	παῖδας			n
407@ὑμῶν	ὑμῶν	ὑμῶν			n
407@ἱκανῶς[2]	ἱκανῶς	ἱκανῶς			n
407@μεμαθηκότας	μεμαθηκότας	μεμαθηκότας			n
407@ἃ	ἃ	ἅ			n
407@δὴ[2]	δὴ	δή			n
407@παιδείαν	παιδείαν	παιδείαν			n
407@ἀρετῆς	ἀρετῆς	ἀρετῆς			n
407@εἶναι	εἶναι	εἶναι			n
407@τελέαν	τελέαν	τελέαν			n
407@ἡγεῖσθε	ἡγεῖσθε	ἡγεῖσθε			n
407@κἄπειτα	κἄπειτα	κἄπειτα			n
407@οὐδὲν[2]	οὐδὲν	οὐδέν			n
407@ἧττον	ἧττον	ἧττον			n
407@κακοὺς	κακοὺς	κακούς			n
407@γιγνομένους	γιγνομένους	γιγνομένους			n
407@περὶ	περὶ	περί			n
407@τὰ[4]	τὰ	τά			n
407@χρήματα	χρήματα	χρήματα			n
407@πῶς	πῶς	πῶς			n
407@οὐ[4]	οὐ	οὐ			n
407@καταφρονεῖτε	καταφρονεῖτε	καταφρονεῖτε			n
407@τῆς[3]	τῆς	τῆς			n
407@νῦν	νῦν	νῦν			n
407@παιδεύσεως	παιδεύσεως	παιδεύσεως			n
407@οὐδὲ[3]	οὐδὲ	οὐδέ			n
407@ζητεῖτε	ζητεῖτε	ζητεῖτε			n
407@οἵτινες[3]	οἵτινες	οἵτινες			n
407@ὑμᾶς[3]	ὑμᾶς	ὑμᾶς			n
407@παύσουσι	παύσουσι	παύσουσι			n
407@ταύτης	ταύτης	ταύτης			n
407@τῆς[4]	τῆς	τῆς			n
407@ἀμουσίας	ἀμουσίας	ἀμουσίας			n
407@καίτοι	καίτοι	καίτοι			n
407@διά	διά	διά			n
407@γε[4]	γε	γέ			n
407@ταύτην	ταύτην	ταύτην			n
407@τὴν[2]	τὴν	τήν			n
407@πλημμέλειαν	πλημμέλειαν	πλημμέλειαν			n
407@καὶ[9]	καὶ	καί			n
407@ῥᾳθυμίαν	ῥᾳθυμίαν	ῥᾳθυμίαν			n
407@ἀλλʼ[3]	ἀλλʼ	ἀλλʼ			n
407@οὐ[6]	οὐ	οὐ			n
407@διὰ	διὰ	διά			n
407@τὴν[3]	τὴν	τήν			n
407@ἐν	ἐν	ἐν			n
407@τῷ	τῷ	τῷ			n
407@ποδὶ	ποδὶ	ποδί			n
407@πρὸς	πρὸς	πρός			n
407@τὴν[4]	τὴν	τήν			n
407@λύραν	λύραν	λύραν			n
407@ἀμετρίαν	ἀμετρίαν	ἀμετρίαν			n
407@καὶ[10]	καὶ	καί			n
407@ἀδελφὸς	ἀδελφὸς	ἀδελφός			n
407@ἀδελφῷ	ἀδελφῷ	ἀδελφῷ			n
407@καὶ[11]	καὶ	καί			n
407@πόλεις	πόλεις	πόλεις			n
407@πόλεσιν	πόλεσιν	πόλεσιν			n
407@ἀμέτρως	ἀμέτρως	ἀμέτρως			n
407@καὶ[12]	καὶ	καί			n
407@ἀναρμόστως	ἀναρμόστως	ἀναρμόστως			n
407@προσφερόμεναι	προσφερόμεναι	προσφερόμεναι			n
407@στασιάζουσι	στασιάζουσι	στασιάζουσι			n
407@καὶ[13]	καὶ	καί			n
407@πολεμοῦντες	πολεμοῦντες	πολεμοῦντες			n
407@τὰ[5]	τὰ	τά			n
407@ἔσχατα	ἔσχατα	ἔσχατα			n
407@δρῶσιν	δρῶσιν	δρῶσιν			n
407@καὶ[14]	καὶ	καί			n
407@πάσχουσιν	πάσχουσιν	πάσχουσιν			n
407@ὑμεῖς	ὑμεῖς	ὑμεῖς			n
407@δέ[2]	δέ	δέ			n
407@φατε	φατε	φατε			n
407@οὐ[7]	οὐ	οὐ			n
407@διʼ	διʼ	διʼ			n
407@ἀπαιδευσίαν	ἀπαιδευσίαν	ἀπαιδευσίαν			n
407@οὐδὲ[4]	οὐδὲ	οὐδέ			n
407@διʼ[2]	διʼ	διʼ			n
407@ἄγνοιαν	ἄγνοιαν	ἄγνοιαν			n
407@ἀλλʼ[4]	ἀλλʼ	ἀλλʼ			n
407@ἑκόντας	ἑκόντας	ἑκόντας			n
407@τοὺς[5]	τοὺς	τούς			n
407@ἀδίκους	ἀδίκους	ἀδίκους			n
407@ἀδίκους[2]	ἀδίκους	ἀδίκους			n
407@εἶναι[2]	εἶναι	εἶναι			n
407@πάλιν	πάλιν	πάλιν			n
407@δʼ[2]	δʼ	δʼ			n
407@αὖ	αὖ	αὖ			n
407@τολμᾶτε	τολμᾶτε	τολμᾶτε			n
407@λέγειν[2]	λέγειν	λέγειν			n
407@ὡς[2]	ὡς	ὡς			n
407@αἰσχρὸν[2]	αἰσχρὸν	αἰσχρόν			n
407@καὶ[15]	καὶ	καί			n
407@θεομισὲς	θεομισὲς	θεομισές			n
407@ἡ[2]	ἡ	ἡ			n
407@ἀδικία	ἀδικία	ἀδικία			n
407@πῶς[2]	πῶς	πῶς			n
407@οὖν	οὖν	οὖν			n
407@δή	δή	δή			n
407@τις	τις	τὶς			n
407@τό[5]	τό	τό			n
407@γε[6]	γε	γέ			n
407@τοιοῦτον	τοιοῦτον	τοιοῦτον			n
407@κακὸν	κακὸν	κακόν			n
407@ἑκὼν	ἑκὼν	ἑκών			n
407@αἱροῖτʼ	αἱροῖτʼ	αἱροῖτʼ			n
407@ἄν[2]	ἄν	ἄν			n
407@Ἥττων	Ἥττων	ἥττων			n
407@ὃς	ὃς	ὅς			n
407@ἂν	ἂν	ἄν			n
407@ᾖ	ᾖ	ᾖ			n
407@φατέ	φατέ	φατέ			n
407@τῶν[3]	τῶν	τῶν			n
407@ἡδονῶν	ἡδονῶν	ἡδονῶν			n
407@οὐκοῦν	οὐκοῦν	οὐκοῦν			n
407@καὶ[16]	καὶ	καί			n
407@τοῦτο	τοῦτο	τοῦτο			n
407@ἀκούσιον	ἀκούσιον	ἀκούσιον			n
407@εἴπερ[2]	εἴπερ	εἴπερ			n
407@τὸ	τὸ	τό			n
407@νικᾶν	νικᾶν	νικᾶν			n
407@ἑκούσιον	ἑκούσιον	ἑκούσιον			n
407@ὥστε	ὥστε	ὥστε			n
407@ἐκ[2]	ἐκ	ἐκ			n
407@παντὸς	παντὸς	παντός			n
407@τρόπου	τρόπου	τρόπου			n
407@τό[6]	τό	τό			n
407@γε[7]	γε	γέ			n
407@ἀδικεῖν	ἀδικεῖν	ἀδικεῖν			n
407@ἀκούσιον[2]	ἀκούσιον	ἀκούσιον			n
407@ὁ[3]	ὁ	ὁ			n
407@λόγος	λόγος	λόγος			n
407@αἱρεῖ	αἱρεῖ	αἱρεῖ			n
407@καὶ[17]	καὶ	καί			n
407@δεῖν	δεῖν	δεῖν			n
407@ἐπιμέλειαν	ἐπιμέλειαν	ἐπιμέλειαν			n
407@τῆς[5]	τῆς	τῆς			n
407@νῦν[2]	νῦν	νῦν			n
407@πλείω	πλείω	πλείω			n
407@ποιεῖσθαι	ποιεῖσθαι	ποιεῖσθαι			n
407@πάντʼ	πάντʼ	πάντʼ			n
407@ἄνδρα	ἄνδρα	ἄνδρα			n
407@ἰδίᾳ	ἰδίᾳ	ἰδίᾳ			n
407@θʼ	θʼ	θʼ			n
407@ἅμα	ἅμα	ἅμα			n
407@καὶ[18]	καὶ	καί			n
407@δημοσίᾳ	δημοσίᾳ	δημοσίᾳ			n
407@συμπάσας	συμπάσας	συμπάσας			n
407@τὰς	τὰς	τάς			n
407@πόλεις[2]	πόλεις	πόλεις			n
407@ταῦτʼ	ταῦτʼ	ταῦτʼ			n
407@οὖν[2]	οὖν	οὖν			n
407@ὦ[2]	ὦ	ὦ			n
407@Σώκρατες[2]	Σώκρατες	σώκρατες			n
407@ἐγὼ[2]	ἐγὼ	ἐγώ			n
407@ὅταν	ὅταν	ὅταν			n
407@ἀκούω[2]	ἀκούω	ἀκούω			n
407@σοῦ[2]	σοῦ	σοῦ			n
407@θαμὰ	θαμὰ	θαμά			n
407@λέγοντος	λέγοντος	λέγοντος			n
407@καὶ[19]	καὶ	καί			n
407@μάλα	μάλα	μάλα			n
407@ἄγαμαι	ἄγαμαι	ἄγαμαι			n
407@καὶ[20]	καὶ	καί			n
407@θαυμαστῶς	θαυμαστῶς	θαυμαστῶς			n
407@ὡς[3]	ὡς	ὡς			n
407@ἐπαινῶ	ἐπαινῶ	ἐπαινῶ			n
407@καὶ[21]	καὶ	καί			n
407@ὁπόταν	ὁπόταν	ὁπόταν			n
407@αὖ[2]	αὖ	αὖ			n
407@φῇς	φῇς	φῇς			n
407@τὸ[3]	τὸ	τό			n
407@ἐφεξῆς	ἐφεξῆς	ἐφεξῆς			n
407@τούτῳ	τούτῳ	τούτῳ			n
407@τοὺς[6]	τοὺς	τούς			n
407@ἀσκοῦντας	ἀσκοῦντας	ἀσκοῦντας			n
407@μὲν[3]	μὲν	μέν			n
407@τὰ[7]	τὰ	τά			n
407@σώματα	σώματα	σώματα			n
407@τῆς[6]	τῆς	τῆς			n
407@δὲ[7]	δὲ	δέ			n
407@ψυχῆς	ψυχῆς	ψυχῆς			n
407@ἠμεληκότας	ἠμεληκότας	ἠμεληκότας			n
407@ἕτερόν	ἕτερόν	ἕτερον			n
407@τι[8]	τι	τὶ			n
407@πράττειν	πράττειν	πράττειν			n
407@τοιοῦτον[2]	τοιοῦτον	τοιοῦτον			n
407@τοῦ[2]	τοῦ	τοῦ			n
407@μὲν[4]	μὲν	μέν			n
407@ἄρξοντος	ἄρξοντος	ἄρξοντος			n
407@ἀμελεῖν	ἀμελεῖν	ἀμελεῖν			n
407@περὶ[2]	περὶ	περί			n
407@δὲ[8]	δὲ	δέ			n
407@τὸ[4]	τὸ	τό			n
407@ἀρξόμενον	ἀρξόμενον	ἀρξόμενον			n
407@ἐσπουδακέναι	ἐσπουδακέναι	ἐσπουδακέναι			n
407@καὶ[22]	καὶ	καί			n
407@ὅταν[2]	ὅταν	ὅταν			n
407@λέγῃς	λέγῃς	λέγῃς			n
407@ὡς[4]	ὡς	ὡς			n
407@ὅτῳ	ὅτῳ	ὅτῳ			n
407@τις[2]	τις	τὶς			n
407@μὴ[3]	μὴ	μή			n
407@ἐπίσταται	ἐπίσταται	ἐπίσταται			n
407@χρῆσθαι[2]	χρῆσθαι	χρῆσθαι			n
407@κρεῖττον	κρεῖττον	κρεῖττον			n
407@ἐᾶν	ἐᾶν	ἐᾶν			n
407@τὴν[5]	τὴν	τήν			n
407@τούτου	τούτου	τούτου			n
407@χρῆσιν	χρῆσιν	χρῆσιν			n
407@εἰ[3]	εἰ	εἰ			n
407@δή[2]	δή	δή			n
407@τις[3]	τις	τὶς			n
407@μὴ[4]	μὴ	μή			n
407@ἐπίσταται[2]	ἐπίσταται	ἐπίσταται			n
407@ὀφθαλμοῖς	ὀφθαλμοῖς	ὀφθαλμοῖς			n
407@χρῆσθαι[3]	χρῆσθαι	χρῆσθαι			n
407@μηδὲ	μηδὲ	μηδέ			n
407@ὠσὶν	ὠσὶν	ὠσίν			n
407@μηδὲ[2]	μηδὲ	μηδέ			n
407@σύμπαντι	σύμπαντι	σύμπαντι			n
407@τῷ[2]	τῷ	τῷ			n
407@σώματι	σώματι	σώματι			n
407@τούτῳ[2]	τούτῳ	τούτῳ			n
407@μήτε	μήτε	μήτε			n
407@ἀκούειν	ἀκούειν	ἀκούειν			n
407@μήθʼ	μήθʼ	μήθʼ			n
407@ὁρᾶν	ὁρᾶν	ὁρᾶν			n
407@μήτʼ	μήτʼ	μήτʼ			n
407@ἄλλην	ἄλλην	ἄλλην			n
407@χρείαν	χρείαν	χρείαν			n
407@μηδεμίαν	μηδεμίαν	μηδεμίαν			n
407@χρῆσθαι[4]	χρῆσθαι	χρῆσθαι			n
407@τῷ[3]	τῷ	τῷ			n
407@σώματι[2]	σώματι	σώματι			n
407@κρεῖττον[2]	κρεῖττον	κρεῖττον			n
407@ἢ	ἢ	ἤ			n
407@ὁπῃοῦν	ὁπῃοῦν	ὁπῃοῦν			n
407@χρῆσθαι[5]	χρῆσθαι	χρῆσθαι			n
408@ΚΛΕΙ	ΚΛΕΙ	κλει			n
408@καὶ	καὶ	καί			n
408@δὴ	δὴ	δή			n
408@καὶ[2]	καὶ	καί			n
408@περὶ	περὶ	περί			n
408@τέχνην	τέχνην	τέχνην			n
408@ὡσαύτως	ὡσαύτως	ὡσαύτως			n
408@ὅστις	ὅστις	ὅστις			n
408@γὰρ	γὰρ	γάρ			n
408@δὴ[2]	δὴ	δή			n
408@μὴ	μὴ	μή			n
408@ἐπίσταται	ἐπίσταται	ἐπίσταται			n
408@τῇ	τῇ	τῇ			n
408@ἑαυτοῦ	ἑαυτοῦ	ἑαυτοῦ			n
408@λύρᾳ	λύρᾳ	λύρᾳ			n
408@χρῆσθαι	χρῆσθαι	χρῆσθαι			n
408@δῆλον	δῆλον	δῆλον			n
408@ὡς	ὡς	ὡς			n
408@οὐδὲ	οὐδὲ	οὐδέ			n
408@τῇ[2]	τῇ	τῇ			n
408@τοῦ[2]	τοῦ	τοῦ			n
408@γείτονος	γείτονος	γείτονος			n
408@οὐδὲ[2]	οὐδὲ	οὐδέ			n
408@ὅστις[2]	ὅστις	ὅστις			n
408@μὴ[2]	μὴ	μή			n
408@τῇ[3]	τῇ	τῇ			n
408@τῶν	τῶν	τῶν			n
408@ἄλλων	ἄλλων	ἄλλων			n
408@οὐδὲ[3]	οὐδὲ	οὐδέ			n
408@τῇ[4]	τῇ	τῇ			n
408@ἑαυτοῦ[2]	ἑαυτοῦ	ἑαυτοῦ			n
408@οὐδʼ	οὐδʼ	οὐδʼ			n
408@ἄλλῳ	ἄλλῳ	ἄλλῳ			n
408@τῶν[2]	τῶν	τῶν			n
408@ὀργάνων	ὀργάνων	ὀργάνων			n
408@οὐδὲ[4]	οὐδὲ	οὐδέ			n
408@κτημάτων	κτημάτων	κτημάτων			n
408@οὐδενί	οὐδενί	οὐδενί			n
408@καὶ[3]	καὶ	καί			n
408@τελευτᾷ	τελευτᾷ	τελευτᾷ			n
408@δὴ[3]	δὴ	δή			n
408@καλῶς	καλῶς	καλῶς			n
408@ὁ	ὁ	ὁ			n
408@λόγος	λόγος	λόγος			n
408@οὗτός	οὗτός	οὗτος			n
408@σοι	σοι	σοι			n
408@ὡς[2]	ὡς	ὡς			n
408@ὅστις[3]	ὅστις	ὅστις			n
408@ψυχῇ	ψυχῇ	ψυχῇ			n
408@μὴ[3]	μὴ	μή			n
408@ἐπίσταται[2]	ἐπίσταται	ἐπίσταται			n
408@χρῆσθαι[2]	χρῆσθαι	χρῆσθαι			n
408@τούτῳ	τούτῳ	τούτῳ			n
408@τὸ	τὸ	τό			n
408@ἄγειν	ἄγειν	ἄγειν			n
408@ἡσυχίαν	ἡσυχίαν	ἡσυχίαν			n
408@τῇ[5]	τῇ	τῇ			n
408@ψυχῇ[2]	ψυχῇ	ψυχῇ			n
408@καὶ[4]	καὶ	καί			n
408@μὴ[4]	μὴ	μή			n
408@ζῆν	ζῆν	ζῆν			n
408@κρεῖττον	κρεῖττον	κρεῖττον			n
408@ἢ	ἢ	ἤ			n
408@ζῆν[2]	ζῆν	ζῆν			n
408@πράττοντι	πράττοντι	πράττοντι			n
408@καθʼ	καθʼ	καθʼ			n
408@αὑτόν	αὑτόν	αὑτόν			n
408@εἰ	εἰ	εἰ			n
408@δέ	δέ	δέ			n
408@τις[4]	τις	τὶς			n
408@ἀνάγκη	ἀνάγκη	ἀνάγκη			n
408@ζῆν[3]	ζῆν	ζῆν			n
408@εἴη	εἴη	εἴη			n
408@δούλῳ	δούλῳ	δούλῳ			n
408@ἄμεινον	ἄμεινον	ἄμεινον			n
408@ἢ[2]	ἢ	ἤ			n
408@ἐλευθέρῳ	ἐλευθέρῳ	ἐλευθέρῳ			n
408@διάγειν	διάγειν	διάγειν			n
408@τῷ	τῷ	τῷ			n
408@τοιούτῳ	τοιούτῳ	τοιούτῳ			n
408@τὸν	τὸν	τόν			n
408@βίον	βίον	βίον			n
408@ἐστὶν	ἐστὶν	ἐστίν			n
408@ἄρα	ἄρα	ἄρα			n
408@καθάπερ	καθάπερ	καθάπερ			n
408@πλοίου	πλοίου	πλοίου			n
408@παραδόντι	παραδόντι	παραδόντι			n
408@τὰ	τὰ	τά			n
408@πηδάλια	πηδάλια	πηδάλια			n
408@τῆς	τῆς	τῆς			n
408@διανοίας	διανοίας	διανοίας			n
408@ἄλλῳ[2]	ἄλλῳ	ἄλλῳ			n
408@τῷ[2]	τῷ	τῷ			n
408@μαθόντι	μαθόντι	μαθόντι			n
408@τὴν	τὴν	τήν			n
408@τῶν[3]	τῶν	τῶν			n
408@ἀνθρώπων	ἀνθρώπων	ἀνθρώπων			n
408@κυβερνητικήν	κυβερνητικήν	κυβερνητικήν			n
408@ἣν	ἣν	ἥν			n
408@δὴ[4]	δὴ	δή			n
408@σὺ	σὺ	σύ			n
408@πολιτικήν	πολιτικήν	πολιτικήν			n
408@ὦ	ὦ	ὦ			n
408@Σώκρατες	Σώκρατες	σώκρατες			n
408@ἐπονομάζεις	ἐπονομάζεις	ἐπονομάζεις			n
408@πολλάκις	πολλάκις	πολλάκις			n
408@τὴν[2]	τὴν	τήν			n
408@αὐτὴν	αὐτὴν	αὐτήν			n
408@δὴ[5]	δὴ	δή			n
408@ταύτην	ταύτην	ταύτην			n
408@δικαστικήν	δικαστικήν	δικαστικήν			n
408@τε[3]	τε	τέ			n
408@καὶ[5]	καὶ	καί			n
408@δικαιοσύνην	δικαιοσύνην	δικαιοσύνην			n
408@ὡς[3]	ὡς	ὡς			n
408@ἔστιν	ἔστιν	ἔστιν			n
408@λέγων	λέγων	λέγων			n
408@τούτοις	τούτοις	τούτοις			n
408@δὴ[6]	δὴ	δή			n
408@τοῖς	τοῖς	τοῖς			n
408@λόγοις	λόγοις	λόγοις			n
408@καὶ[6]	καὶ	καί			n
408@ἑτέροις	ἑτέροις	ἑτέροις			n
408@τοιούτοις	τοιούτοις	τοιούτοις			n
408@παμπόλλοις	παμπόλλοις	παμπόλλοις			n
408@καὶ[7]	καὶ	καί			n
408@παγκάλως	παγκάλως	παγκάλως			n
408@λεγομένοις	λεγομένοις	λεγομένοις			n
408@ὡς[4]	ὡς	ὡς			n
408@διδακτὸν	διδακτὸν	διδακτόν			n
408@ἀρετὴ	ἀρετὴ	ἀρετή			n
408@καὶ[8]	καὶ	καί			n
408@πάντων	πάντων	πάντων			n
408@ἑαυτοῦ[3]	ἑαυτοῦ	ἑαυτοῦ			n
408@δεῖ	δεῖ	δεῖ			n
408@μάλιστα	μάλιστα	μάλιστα			n
408@ἐπιμελεῖσθαι	ἐπιμελεῖσθαι	ἐπιμελεῖσθαι			n
408@σχεδὸν	σχεδὸν	σχεδόν			n
408@οὔτʼ	οὔτʼ	οὔτʼ			n
408@ἀντεῖπον	ἀντεῖπον	ἀντεῖπον			n
408@πώποτε	πώποτε	πώποτε			n
408@οὔτʼ[2]	οὔτʼ	οὔτʼ			n
408@οἶμαι	οἶμαι	οἶμαι			n
408@μήποτε	μήποτε	μήποτε			n
408@ὕστερον	ὕστερον	ὕστερον			n
408@ἀντείπω	ἀντείπω	ἀντείπω			n
408@προτρεπτικωτάτους	προτρεπτικωτάτους	προτρεπτικωτάτους			n
408@τε[9]	τε	τέ			n
408@ἡγοῦμαι	ἡγοῦμαι	ἡγοῦμαι			n
408@καὶ[9]	καὶ	καί			n
408@ὠφελιμωτάτους	ὠφελιμωτάτους	ὠφελιμωτάτους			n
408@καὶ[10]	καὶ	καί			n
408@ἀτεχνῶς	ἀτεχνῶς	ἀτεχνῶς			n
408@ὥσπερ	ὥσπερ	ὥσπερ			n
408@καθεύδοντας	καθεύδοντας	καθεύδοντας			n
408@ἐπεγείρειν	ἐπεγείρειν	ἐπεγείρειν			n
408@ἡμᾶς	ἡμᾶς	ἡμᾶς			n
408@προσεῖχον	προσεῖχον	προσεῖχον			n
408@δὴ[7]	δὴ	δή			n
408@τὸν[3]	τὸν	τόν			n
408@νοῦν	νοῦν	νοῦν			n
408@τὸ[5]	τὸ	τό			n
408@μετὰ	μετὰ	μετά			n
408@ταῦτα	ταῦτα	ταῦτα			n
408@ὡς[5]	ὡς	ὡς			n
408@ἀκουσόμενος	ἀκουσόμενος	ἀκουσόμενος			n
408@ἐπανερωτῶν	ἐπανερωτῶν	ἐπανερωτῶν			n
408@οὔτι	οὔτι	οὔτι			n
408@σὲ	σὲ	σέ			n
408@τὸ[6]	τὸ	τό			n
408@πρῶτον	πρῶτον	πρῶτον			n
408@ὦ[2]	ὦ	ὦ			n
408@Σώκρατες[2]	Σώκρατες	σώκρατες			n
408@ἀλλὰ	ἀλλὰ	ἀλλά			n
408@τῶν[5]	τῶν	τῶν			n
408@ἡλικιωτῶν	ἡλικιωτῶν	ἡλικιωτῶν			n
408@τε[12]	τε	τέ			n
408@καὶ[11]	καὶ	καί			n
408@συνεπιθυμητῶν	συνεπιθυμητῶν	συνεπιθυμητῶν			n
408@ἢ[3]	ἢ	ἤ			n
408@ἑταίρων	ἑταίρων	ἑταίρων			n
408@σῶν	σῶν	σῶν			n
408@ἢ[4]	ἢ	ἤ			n
408@ὅπως	ὅπως	ὅπως			n
408@δεῖ[2]	δεῖ	δεῖ			n
408@πρὸς	πρὸς	πρός			n
408@σὲ[2]	σὲ	σέ			n
408@περὶ[2]	περὶ	περί			n
408@αὐτῶν	αὐτῶν	αὐτῶν			n
408@τὸ[7]	τὸ	τό			n
408@τοιοῦτον	τοιοῦτον	τοιοῦτον			n
408@ὀνομάζειν	ὀνομάζειν	ὀνομάζειν			n
408@τούτων	τούτων	τούτων			n
408@γὰρ[2]	γὰρ	γάρ			n
408@τοὺς	τοὺς	τούς			n
408@τὶ[2]	τὶ	τί			n
408@μάλιστα[2]	μάλιστα	μάλιστα			n
408@εἶναι	εἶναι	εἶναι			n
408@δοξαζομένους	δοξαζομένους	δοξαζομένους			n
408@ὑπὸ	ὑπὸ	ὑπό			n
408@σοῦ	σοῦ	σοῦ			n
408@πρώτους	πρώτους	πρώτους			n
408@ἐπανηρώτων	ἐπανηρώτων	ἐπανηρώτων			n
408@πυνθανόμενος	πυνθανόμενος	πυνθανόμενος			n
408@τίς	τίς	τίς			n
408@ὁ[2]	ὁ	ὁ			n
408@μετὰ[2]	μετὰ	μετά			n
408@ταῦτʼ	ταῦτʼ	ταῦτʼ			n
408@εἴη[2]	εἴη	εἴη			n
408@λόγος[2]	λόγος	λόγος			n
408@καὶ[12]	καὶ	καί			n
408@κατὰ	κατὰ	κατά			n
408@σὲ[3]	σὲ	σέ			n
408@τρόπον	τρόπον	τρόπον			n
408@τινὰ	τινὰ	τινά			n
408@ὑποτείνων	ὑποτείνων	ὑποτείνων			n
408@αὐτοῖς	αὐτοῖς	αὐτοῖς			n
408@ὦ[3]	ὦ	ὦ			n
408@βέλτιστοι	βέλτιστοι	βέλτιστοι			n
408@ἔφην	ἔφην	ἔφην			n
408@ὑμεῖς	ὑμεῖς	ὑμεῖς			n
408@πῶς	πῶς	πῶς			n
408@ποτε[4]	ποτε	ποτέ			n
408@νῦν	νῦν	νῦν			n
408@ἀποδεχόμεθα	ἀποδεχόμεθα	ἀποδεχόμεθα			n
408@τὴν[4]	τὴν	τήν			n
408@Σωκράτους	Σωκράτους	σωκράτους			n
408@προτροπὴν	προτροπὴν	προτροπήν			n
408@ἡμῶν	ἡμῶν	ἡμῶν			n
408@ἐπʼ	ἐπʼ	ἐπʼ			n
408@ἀρετήν	ἀρετήν	ἀρετήν			n
408@ὡς[6]	ὡς	ὡς			n
408@ὄντος	ὄντος	ὄντος			n
408@μόνου	μόνου	μόνου			n
408@τούτου	τούτου	τούτου			n
408@ἐπεξελθεῖν	ἐπεξελθεῖν	ἐπεξελθεῖν			n
408@δὲ[5]	δὲ	δέ			n
408@οὐκ	οὐκ	οὐ			n
408@ἔνι	ἔνι	ἔνι			n
408@τῷ[3]	τῷ	τῷ			n
408@πράγματι	πράγματι	πράγματι			n
408@καὶ[13]	καὶ	καί			n
408@λαβεῖν	λαβεῖν	λαβεῖν			n
408@αὐτὸ	αὐτὸ	αὐτό			n
408@τελέως	τελέως	τελέως			n
408@ἀλλʼ	ἀλλʼ	ἀλλʼ			n
408@ἡμῖν	ἡμῖν	ἡμῖν			n
408@παρὰ	παρὰ	παρά			n
408@πάντα	πάντα	πάντα			n
408@δὴ[8]	δὴ	δή			n
408@τὸν[4]	τὸν	τόν			n
408@βίον[2]	βίον	βίον			n
408@ἔργον	ἔργον	ἔργον			n
408@τοῦτʼ	τοῦτʼ	τοῦτʼ			n
408@ἔσται	ἔσται	ἔσται			n
408@τοὺς[2]	τοὺς	τούς			n
408@μήπω	μήπω	μήπω			n
408@προτετραμμένους	προτετραμμένους	προτετραμμένους			n
408@προτρέπειν	προτρέπειν	προτρέπειν			n
408@καὶ[14]	καὶ	καί			n
408@ἐκείνους	ἐκείνους	ἐκείνους			n
408@αὖ	αὖ	αὖ			n
408@ἑτέρους	ἑτέρους	ἑτέρους			n
408@ἢ[5]	ἢ	ἤ			n
408@δεῖ[3]	δεῖ	δεῖ			n
408@τὸν[5]	τὸν	τόν			n
408@Σωκράτη	Σωκράτη	σωκράτη			n
408@καὶ[15]	καὶ	καί			n
408@ἀλλήλους	ἀλλήλους	ἀλλήλους			n
408@ἡμᾶς[2]	ἡμᾶς	ἡμᾶς			n
408@τὸ[11]	τὸ	τό			n
408@μετὰ[3]	μετὰ	μετά			n
408@τοῦτʼ[2]	τοῦτʼ	τοῦτʼ			n
408@ἐπανερωτᾶν	ἐπανερωτᾶν	ἐπανερωτᾶν			n
408@ὁμολογήσαντας	ὁμολογήσαντας	ὁμολογήσαντας			n
408@τοῦτʼ[3]	τοῦτʼ	τοῦτʼ			n
408@αὐτὸ[2]	αὐτὸ	αὐτό			n
408@ἀνθρώπῳ	ἀνθρώπῳ	ἀνθρώπῳ			n
408@πρακτέον	πρακτέον	πρακτέον			n
408@εἶναι[2]	εἶναι	εἶναι			n
408@τί[2]	τί	τί			n
408@τοὐντεῦθεν	τοὐντεῦθεν	τοὐντεῦθεν			n
408@πῶς[2]	πῶς	πῶς			n
408@ἄρχεσθαι	ἄρχεσθαι	ἄρχεσθαι			n
408@δεῖν	δεῖν	δεῖν			n
408@φαμεν	φαμεν	φαμεν			n
408@δικαιοσύνης	δικαιοσύνης	δικαιοσύνης			n
408@πέρι	πέρι	πέρι			n
408@μαθήσεως	μαθήσεως	μαθήσεως			n
408@ὥσπερ[2]	ὥσπερ	ὥσπερ			n
408@ἂν	ἂν	ἄν			n
408@εἴ[3]	εἴ	εἴ			n
408@τις[5]	τις	τὶς			n
408@ἡμᾶς[3]	ἡμᾶς	ἡμᾶς			n
408@προύτρεπεν	προύτρεπεν	προύτρεπεν			n
408@τοῦ[8]	τοῦ	τοῦ			n
408@σώματος	σώματος	σώματος			n
408@ἐπιμέλειαν	ἐπιμέλειαν	ἐπιμέλειαν			n
408@ποιεῖσθαι	ποιεῖσθαι	ποιεῖσθαι			n
408@μηδὲν	μηδὲν	μηδέν			n
408@προνοοῦντας	προνοοῦντας	προνοοῦντας			n
408@ὁρῶν	ὁρῶν	ὁρῶν			n
408@καθάπερ[2]	καθάπερ	καθάπερ			n
408@παῖδας	παῖδας	παῖδας			n
408@ὡς[7]	ὡς	ὡς			n
408@ἔστιν[2]	ἔστιν	ἔστιν			n
408@τις[6]	τις	τὶς			n
408@γυμναστικὴ	γυμναστικὴ	γυμναστική			n
408@καὶ[16]	καὶ	καί			n
408@ἰατρική	ἰατρική	ἰατρική			n
408@κἄπειτα	κἄπειτα	κἄπειτα			n
408@ὠνείδιζεν	ὠνείδιζεν	ὠνείδιζεν			n
408@λέγων[2]	λέγων	λέγων			n
408@ὡς[8]	ὡς	ὡς			n
408@αἰσχρὸν	αἰσχρὸν	αἰσχρόν			n
408@πυρῶν	πυρῶν	πυρῶν			n
408@μὲν	μὲν	μέν			n
408@καὶ[17]	καὶ	καί			n
408@κριθῶν	κριθῶν	κριθῶν			n
408@καὶ[18]	καὶ	καί			n
408@ἀμπέλων	ἀμπέλων	ἀμπέλων			n
408@ἐπιμέλειαν[2]	ἐπιμέλειαν	ἐπιμέλειαν			n
408@πᾶσαν	πᾶσαν	πᾶσαν			n
408@ποιεῖσθαι[2]	ποιεῖσθαι	ποιεῖσθαι			n
408@καὶ[19]	καὶ	καί			n
408@ὅσα	ὅσα	ὅσα			n
408@τοῦ[9]	τοῦ	τοῦ			n
408@σώματος[2]	σώματος	σώματος			n
408@ἕνεκα	ἕνεκα	ἕνεκα			n
408@διαπονούμεθά	διαπονούμεθά	διαπονούμεθα			n
408@τε[18]	τε	τέ			n
408@καὶ[20]	καὶ	καί			n
408@κτώμεθα	κτώμεθα	κτώμεθα			n
408@τούτου[2]	τούτου	τούτου			n
408@δʼ[2]	δʼ	δʼ			n
408@αὐτοῦ	αὐτοῦ	αὐτοῦ			n
408@μηδεμίαν	μηδεμίαν	μηδεμίαν			n
408@τέχνην[2]	τέχνην	τέχνην			n
408@μηδὲ[2]	μηδὲ	μηδέ			n
408@μηχανήν	μηχανήν	μηχανήν			n
408@ὅπως[2]	ὅπως	ὅπως			n
408@ὡς[9]	ὡς	ὡς			n
408@βέλτιστον	βέλτιστον	βέλτιστον			n
408@ἔσται[2]	ἔσται	ἔσται			n
408@τὸ[13]	τὸ	τό			n
408@σῶμα	σῶμα	σῶμα			n
408@ἐξευρίσκειν	ἐξευρίσκειν	ἐξευρίσκειν			n
408@καὶ[21]	καὶ	καί			n
408@ταῦτα[2]	ταῦτα	ταῦτα			n
408@οὖσαν	οὖσαν	οὖσαν			n
409@ΚΛΕΙ	ΚΛΕΙ	κλει			n
409@εἰ	εἰ	εἰ			n
409@δʼ	δʼ	δʼ			n
409@ἐπανηρόμεθα	ἐπανηρόμεθα	ἐπανηρόμεθα			n
409@τὸν	τὸν	τόν			n
409@ταῦθʼ	ταῦθʼ	ταῦθʼ			n
409@ἡμᾶς	ἡμᾶς	ἡμᾶς			n
409@προτρέποντα	προτρέποντα	προτρέποντα			n
409@λέγεις	λέγεις	λέγεις			n
409@δὲ	δὲ	δέ			n
409@εἶναι	εἶναι	εἶναι			n
409@τίνας	τίνας	τίνας			n
409@ταύτας	ταύτας	ταύτας			n
409@τὰς	τὰς	τάς			n
409@τέχνας	τέχνας	τέχνας			n
409@εἶπεν	εἶπεν	εἶπεν			n
409@ἂν	ἂν	ἄν			n
409@ἴσως	ἴσως	ἴσως			n
409@ὅτι	ὅτι	ὅτι			n
409@γυμναστικὴ	γυμναστικὴ	γυμναστική			n
409@καὶ	καὶ	καί			n
409@ἰατρική	ἰατρική	ἰατρική			n
409@καὶ[2]	καὶ	καί			n
409@νῦν	νῦν	νῦν			n
409@δὴ	δὴ	δή			n
409@τίνα[2]	τίνα	τίνα			n
409@φαμὲν	φαμὲν	φαμέν			n
409@εἶναι[2]	εἶναι	εἶναι			n
409@τὴν	τὴν	τήν			n
409@ἐπὶ	ἐπὶ	ἐπί			n
409@τῇ	τῇ	τῇ			n
409@τῆς	τῆς	τῆς			n
409@ψυχῆς	ψυχῆς	ψυχῆς			n
409@ἀρετῇ	ἀρετῇ	ἀρετῇ			n
409@τέχνην	τέχνην	τέχνην			n
409@λεγέσθω	λεγέσθω	λεγέσθω			n
409@ὁ	ὁ	ὁ			n
409@δὴ[2]	δὴ	δή			n
409@δοκῶν	δοκῶν	δοκῶν			n
409@αὐτῶν	αὐτῶν	αὐτῶν			n
409@ἐρρωμενέστατος	ἐρρωμενέστατος	ἐρρωμενέστατος			n
409@εἶναι[3]	εἶναι	εἶναι			n
409@πρὸς	πρὸς	πρός			n
409@ταῦτα	ταῦτα	ταῦτα			n
409@ἀποκρινόμενος	ἀποκρινόμενος	ἀποκρινόμενος			n
409@εἶπέν	εἶπέν	εἶπεν			n
409@μοι	μοι	μοι			n
409@ταύτην	ταύτην	ταύτην			n
409@τὴν[2]	τὴν	τήν			n
409@τέχνην[2]	τέχνην	τέχνην			n
409@εἶναι[4]	εἶναι	εἶναι			n
409@ἥνπερ	ἥνπερ	ἥνπερ			n
409@ἀκούεις	ἀκούεις	ἀκούεις			n
409@σὺ	σὺ	σύ			n
409@λέγοντος	λέγοντος	λέγοντος			n
409@ἔφη	ἔφη	ἔφη			n
409@Σωκράτους	Σωκράτους	σωκράτους			n
409@οὐκ	οὐκ	οὐ			n
409@ἄλλην	ἄλλην	ἄλλην			n
409@ἢ	ἢ	ἤ			n
409@δικαιοσύνην	δικαιοσύνην	δικαιοσύνην			n
409@εἰπόντος	εἰπόντος	εἰπόντος			n
409@δʼ[2]	δʼ	δʼ			n
409@ἐμοῦ	ἐμοῦ	ἐμοῦ			n
409@μή	μή	μή			n
409@μοι[2]	μοι	μοι			n
409@τὸ[2]	τὸ	τό			n
409@ὄνομα	ὄνομα	ὄνομα			n
409@μόνον	μόνον	μόνον			n
409@εἴπῃς	εἴπῃς	εἴπῃς			n
409@ἀλλὰ	ἀλλὰ	ἀλλά			n
409@ὧδε	ὧδε	ὧδε			n
409@ἰατρική[2]	ἰατρική	ἰατρική			n
409@πού	πού	πού			n
409@τις	τις	τὶς			n
409@λέγεται	λέγεται	λέγεται			n
409@τέχνη[3]	τέχνη	τέχνη			n
409@ταύτης	ταύτης	ταύτης			n
409@δʼ[3]	δʼ	δʼ			n
409@ἐστὶν	ἐστὶν	ἐστίν			n
409@διττὰ	διττὰ	διττά			n
409@τὰ[3]	τὰ	τά			n
409@ἀποτελούμενα	ἀποτελούμενα	ἀποτελούμενα			n
409@τὸ[3]	τὸ	τό			n
409@μὲν[2]	μὲν	μέν			n
409@ἰατροὺς	ἰατροὺς	ἰατρούς			n
409@ἀεὶ	ἀεὶ	ἀεί			n
409@πρὸς[2]	πρὸς	πρός			n
409@τοῖς	τοῖς	τοῖς			n
409@οὖσιν	οὖσιν	οὖσιν			n
409@ἑτέρους	ἑτέρους	ἑτέρους			n
409@ἐξεργάζεσθαι	ἐξεργάζεσθαι	ἐξεργάζεσθαι			n
409@τὸ[4]	τὸ	τό			n
409@δὲ[2]	δὲ	δέ			n
409@ὑγίειαν	ὑγίειαν	ὑγίειαν			n
409@ἔστιν	ἔστιν	ἔστιν			n
409@δὲ[3]	δὲ	δέ			n
409@τούτων	τούτων	τούτων			n
409@θάτερον	θάτερον	θάτερον			n
409@οὐκέτι	οὐκέτι	οὐκέτι			n
409@τέχνη[4]	τέχνη	τέχνη			n
409@τῆς[2]	τῆς	τῆς			n
409@τέχνης	τέχνης	τέχνης			n
409@δὲ[4]	δὲ	δέ			n
409@τῆς[3]	τῆς	τῆς			n
409@διδασκούσης	διδασκούσης	διδασκούσης			n
409@τε[3]	τε	τέ			n
409@καὶ[3]	καὶ	καί			n
409@διδασκομένης	διδασκομένης	διδασκομένης			n
409@ἔργον	ἔργον	ἔργον			n
409@ὃ	ὃ	ὅ			n
409@δὴ[3]	δὴ	δή			n
409@λέγομεν	λέγομεν	λέγομεν			n
409@ὑγίειαν[2]	ὑγίειαν	ὑγίειαν			n
409@καὶ[4]	καὶ	καί			n
409@τεκτονικῆς	τεκτονικῆς	τεκτονικῆς			n
409@δὲ[5]	δὲ	δέ			n
409@κατὰ	κατὰ	κατά			n
409@ταὐτὰ	ταὐτὰ	ταὐτά			n
409@οἰκία	οἰκία	οἰκία			n
409@τε[5]	τε	τέ			n
409@καὶ[5]	καὶ	καί			n
409@τεκτονικὴ	τεκτονικὴ	τεκτονική			n
409@τὸ[5]	τὸ	τό			n
409@μὲν[3]	μὲν	μέν			n
409@ἔργον[2]	ἔργον	ἔργον			n
409@τὸ[6]	τὸ	τό			n
409@δὲ[6]	δὲ	δέ			n
409@δίδαγμα	δίδαγμα	δίδαγμα			n
409@τῆς[4]	τῆς	τῆς			n
409@δὴ[4]	δὴ	δή			n
409@δικαιοσύνης	δικαιοσύνης	δικαιοσύνης			n
409@ὡσαύτως	ὡσαύτως	ὡσαύτως			n
409@τὸ[7]	τὸ	τό			n
409@μὲν[4]	μὲν	μέν			n
409@δικαίους	δικαίους	δικαίους			n
409@ἔστω	ἔστω	ἔστω			n
409@ποιεῖν	ποιεῖν	ποιεῖν			n
409@καθάπερ	καθάπερ	καθάπερ			n
409@ἐκεῖ	ἐκεῖ	ἐκεῖ			n
409@τοὺς	τοὺς	τούς			n
409@τεχνίτας	τεχνίτας	τεχνίτας			n
409@ἑκάστους	ἑκάστους	ἑκάστους			n
409@τὸ[8]	τὸ	τό			n
409@δʼ[4]	δʼ	δʼ			n
409@ἕτερον	ἕτερον	ἕτερον			n
409@ὃ[2]	ὃ	ὅ			n
409@δύναται	δύναται	δύναται			n
409@ποιεῖν[2]	ποιεῖν	ποιεῖν			n
409@ἡμῖν	ἡμῖν	ἡμῖν			n
409@ἔργον[3]	ἔργον	ἔργον			n
409@ὁ[2]	ὁ	ὁ			n
409@δίκαιος	δίκαιος	δίκαιος			n
409@τί[3]	τί	τί			n
409@τοῦτό	τοῦτό	τοῦτο			n
409@φαμεν	φαμεν	φαμεν			n
409@εἰπέ	εἰπέ	εἰπέ			n
409@οὗτος	οὗτος	οὗτος			n
409@μέν[2]	μέν	μέν			n
409@ὡς	ὡς	ὡς			n
409@οἶμαι	οἶμαι	οἶμαι			n
409@τὸ[9]	τὸ	τό			n
409@συμφέρον	συμφέρον	συμφέρον			n
409@ἀπεκρίνατο	ἀπεκρίνατο	ἀπεκρίνατο			n
409@ἄλλος	ἄλλος	ἄλλος			n
409@δὲ[7]	δὲ	δέ			n
409@τὸ[10]	τὸ	τό			n
409@δέον	δέον	δέον			n
409@ἕτερος	ἕτερος	ἕτερος			n
409@δὲ[8]	δὲ	δέ			n
409@τὸ[11]	τὸ	τό			n
409@ὠφέλιμον	ὠφέλιμον	ὠφέλιμον			n
409@ὁ[3]	ὁ	ὁ			n
409@δὲ[9]	δὲ	δέ			n
409@τὸ[12]	τὸ	τό			n
409@λυσιτελοῦν	λυσιτελοῦν	λυσιτελοῦν			n
409@ἐπανῄειν	ἐπανῄειν	ἐπανῄειν			n
409@δὴ[5]	δὴ	δή			n
409@ἐγὼ	ἐγὼ	ἐγώ			n
409@λέγων	λέγων	λέγων			n
409@ὅτι[2]	ὅτι	ὅτι			n
409@κἀκεῖ	κἀκεῖ	κἀκεῖ			n
409@τά	τά	τά			n
409@γε[3]	γε	γέ			n
409@ὀνόματα	ὀνόματα	ὀνόματα			n
409@ταῦτʼ	ταῦτʼ	ταῦτʼ			n
409@ἐστὶν[2]	ἐστὶν	ἐστίν			n
409@ἐν	ἐν	ἐν			n
409@ἑκάστῃ	ἑκάστῃ	ἑκάστῃ			n
409@τῶν[2]	τῶν	τῶν			n
409@τεχνῶν	τεχνῶν	τεχνῶν			n
409@ὀρθῶς	ὀρθῶς	ὀρθῶς			n
409@πράττειν	πράττειν	πράττειν			n
409@λυσιτελοῦντα	λυσιτελοῦντα	λυσιτελοῦντα			n
409@ὠφέλιμα	ὠφέλιμα	ὠφέλιμα			n
409@καὶ[6]	καὶ	καί			n
409@τἆλλα	τἆλλα	τἆλλα			n
409@τὰ[6]	τὰ	τά			n
409@τοιαῦτα	τοιαῦτα	τοιαῦτα			n
409@ἀλλὰ[2]	ἀλλὰ	ἀλλά			n
409@πρὸς[3]	πρὸς	πρός			n
409@ὅτι[3]	ὅτι	ὅτι			n
409@ταῦτα[2]	ταῦτα	ταῦτα			n
409@πάντα	πάντα	πάντα			n
409@τείνει	τείνει	τείνει			n
409@ἐρεῖ	ἐρεῖ	ἐρεῖ			n
409@τὸ[13]	τὸ	τό			n
409@ἴδιον	ἴδιον	ἴδιον			n
409@ἑκάστη	ἑκάστη	ἑκάστη			n
409@ἡ[3]	ἡ	ἡ			n
409@τέχνη[6]	τέχνη	τέχνη			n
409@οἷον	οἷον	οἷον			n
409@ἡ[4]	ἡ	ἡ			n
409@τεκτονικὴ[2]	τεκτονικὴ	τεκτονική			n
409@τὸ[14]	τὸ	τό			n
409@εὖ	εὖ	εὖ			n
409@τὸ[15]	τὸ	τό			n
409@καλῶς	καλῶς	καλῶς			n
409@τὸ[16]	τὸ	τό			n
409@δεόντως	δεόντως	δεόντως			n
409@ὥστε	ὥστε	ὥστε			n
409@τὰ[7]	τὰ	τά			n
409@ξύλινα	ξύλινα	ξύλινα			n
409@φήσει	φήσει	φήσει			n
409@σκεύη	σκεύη	σκεύη			n
409@γίγνεσθαι	γίγνεσθαι	γίγνεσθαι			n
409@ἃ	ἃ	ἅ			n
409@δὴ[6]	δὴ	δή			n
409@οὐκ[3]	οὐκ	οὐ			n
409@ἔστιν[2]	ἔστιν	ἔστιν			n
409@τέχνη[7]	τέχνη	τέχνη			n
409@λεγέσθω[2]	λεγέσθω	λεγέσθω			n
409@δὴ[7]	δὴ	δή			n
409@καὶ[7]	καὶ	καί			n
409@τὸ[17]	τὸ	τό			n
409@τῆς[5]	τῆς	τῆς			n
409@δικαιοσύνης[2]	δικαιοσύνης	δικαιοσύνης			n
409@ὡσαύτως[2]	ὡσαύτως	ὡσαύτως			n
409@τελευτῶν	τελευτῶν	τελευτῶν			n
409@ἀπεκρίνατό	ἀπεκρίνατό	ἀπεκρίνατο			n
409@τις[2]	τις	τὶς			n
409@ὦ	ὦ	ὦ			n
409@Σώκρατές	Σώκρατές	σώκρατες			n
409@μοι[3]	μοι	μοι			n
409@τῶν[4]	τῶν	τῶν			n
409@σῶν	σῶν	σῶν			n
409@ἑταίρων	ἑταίρων	ἑταίρων			n
409@ὃς	ὃς	ὅς			n
409@δὴ[8]	δὴ	δή			n
409@κομψότατα	κομψότατα	κομψότατα			n
409@ἔδοξεν	ἔδοξεν	ἔδοξεν			n
409@εἰπεῖν	εἰπεῖν	εἰπεῖν			n
409@ὅτι[4]	ὅτι	ὅτι			n
409@τοῦτʼ	τοῦτʼ	τοῦτʼ			n
409@εἴη	εἴη	εἴη			n
409@τὸ[18]	τὸ	τό			n
409@τῆς[6]	τῆς	τῆς			n
409@δικαιοσύνης[3]	δικαιοσύνης	δικαιοσύνης			n
409@ἴδιον[2]	ἴδιον	ἴδιον			n
409@ἔργον[4]	ἔργον	ἔργον			n
409@ὃ[4]	ὃ	ὅ			n
409@τῶν[5]	τῶν	τῶν			n
409@ἄλλων	ἄλλων	ἄλλων			n
409@οὐδεμιᾶς	οὐδεμιᾶς	οὐδεμιᾶς			n
409@φιλίαν	φιλίαν	φιλίαν			n
409@ἐν[2]	ἐν	ἐν			n
409@ταῖς	ταῖς	ταῖς			n
409@πόλεσιν	πόλεσιν	πόλεσιν			n
409@ποιεῖν[3]	ποιεῖν	ποιεῖν			n
409@οὗτος[2]	οὗτος	οὗτος			n
409@δʼ[5]	δʼ	δʼ			n
409@αὖ	αὖ	αὖ			n
409@ἐρωτώμενος	ἐρωτώμενος	ἐρωτώμενος			n
409@τὴν[3]	τὴν	τήν			n
409@φιλίαν[2]	φιλίαν	φιλίαν			n
409@ἀγαθόν	ἀγαθόν	ἀγαθόν			n
409@τʼ[3]	τʼ	τʼ			n
409@ἔφη[2]	ἔφη	ἔφη			n
409@εἶναι[5]	εἶναι	εἶναι			n
409@καὶ[8]	καὶ	καί			n
409@οὐδέποτε	οὐδέποτε	οὐδέποτε			n
409@κακόν	κακόν	κακόν			n
409@τὰς[2]	τὰς	τάς			n
409@δὲ[10]	δὲ	δέ			n
409@τῶν[6]	τῶν	τῶν			n
409@παίδων	παίδων	παίδων			n
409@φιλίας	φιλίας	φιλίας			n
409@καὶ[9]	καὶ	καί			n
409@τὰς[3]	τὰς	τάς			n
409@τῶν[7]	τῶν	τῶν			n
409@θηρίων	θηρίων	θηρίων			n
409@ἃς	ἃς	ἅς			n
409@ἡμεῖς	ἡμεῖς	ἡμεῖς			n
409@τοῦτο	τοῦτο	τοῦτο			n
409@τοὔνομα	τοὔνομα	τοὔνομα			n
409@ἐπονομάζομεν	ἐπονομάζομεν	ἐπονομάζομεν			n
409@οὐκ[4]	οὐκ	οὐ			n
409@ἀπεδέχετο	ἀπεδέχετο	ἀπεδέχετο			n
409@εἶναι[6]	εἶναι	εἶναι			n
409@φιλίας[2]	φιλίας	φιλίας			n
409@ἐπανερωτώμενος	ἐπανερωτώμενος	ἐπανερωτώμενος			n
409@συνέβαινε	συνέβαινε	συνέβαινε			n
409@γὰρ	γὰρ	γάρ			n
409@αὐτῷ	αὐτῷ	αὐτῷ			n
409@τὰ[10]	τὰ	τά			n
409@πλείω	πλείω	πλείω			n
409@τὰς[4]	τὰς	τάς			n
409@τοιαύτας	τοιαύτας	τοιαύτας			n
409@βλαβερὰς	βλαβερὰς	βλαβεράς			n
409@ἢ[2]	ἢ	ἤ			n
409@ἀγαθὰς	ἀγαθὰς	ἀγαθάς			n
409@εἶναι[7]	εἶναι	εἶναι			n
409@φεύγων	φεύγων	φεύγων			n
409@δὴ[9]	δὴ	δή			n
409@τὸ[19]	τὸ	τό			n
409@τοιοῦτον	τοιοῦτον	τοιοῦτον			n
409@οὐδὲ	οὐδὲ	οὐδέ			n
409@φιλίας[3]	φιλίας	φιλίας			n
409@ἔφη[3]	ἔφη	ἔφη			n
409@τὰς[5]	τὰς	τάς			n
409@τοιαύτας[2]	τοιαύτας	τοιαύτας			n
409@εἶναι[8]	εἶναι	εἶναι			n
409@ψευδῶς	ψευδῶς	ψευδῶς			n
409@δὲ[12]	δὲ	δέ			n
409@ὀνομάζειν	ὀνομάζειν	ὀνομάζειν			n
409@αὐτὰς	αὐτὰς	αὐτάς			n
409@τοὺς[2]	τοὺς	τούς			n
409@οὕτως	οὕτως	οὕτως			n
409@ὀνομάζοντας	ὀνομάζοντας	ὀνομάζοντας			n
409@τὴν[4]	τὴν	τήν			n
409@δὲ[13]	δὲ	δέ			n
409@ὄντως	ὄντως	ὄντως			n
409@καὶ[10]	καὶ	καί			n
409@ἀληθῶς	ἀληθῶς	ἀληθῶς			n
409@φιλίαν[3]	φιλίαν	φιλίαν			n
409@εἶναι[9]	εἶναι	εἶναι			n
409@σαφέστατα	σαφέστατα	σαφέστατα			n
409@ὁμόνοιαν	ὁμόνοιαν	ὁμόνοιαν			n
409@τὴν[5]	τὴν	τήν			n
409@δὲ[14]	δὲ	δέ			n
409@ὁμόνοιαν[2]	ὁμόνοιαν	ὁμόνοιαν			n
409@ἐρωτώμενος[2]	ἐρωτώμενος	ἐρωτώμενος			n
409@εἰ[5]	εἰ	εἰ			n
409@ὁμοδοξίαν	ὁμοδοξίαν	ὁμοδοξίαν			n
409@εἶναι[10]	εἶναι	εἶναι			n
409@λέγοι	λέγοι	λέγοι			n
409@ἢ[3]	ἢ	ἤ			n
409@ἐπιστήμην	ἐπιστήμην	ἐπιστήμην			n
409@τὴν[6]	τὴν	τήν			n
409@μὲν[5]	μὲν	μέν			n
409@ὁμοδοξίαν[2]	ὁμοδοξίαν	ὁμοδοξίαν			n
409@ἠτίμαζεν	ἠτίμαζεν	ἠτίμαζεν			n
409@ἠναγκάζοντο	ἠναγκάζοντο	ἠναγκάζοντο			n
409@γὰρ[2]	γὰρ	γάρ			n
409@πολλαὶ	πολλαὶ	πολλαί			n
409@καὶ[11]	καὶ	καί			n
409@βλαβεραὶ	βλαβεραὶ	βλαβεραί			n
409@γίγνεσθαι[2]	γίγνεσθαι	γίγνεσθαι			n
409@ὁμοδοξίαι	ὁμοδοξίαι	ὁμοδοξίαι			n
409@ἀνθρώπων	ἀνθρώπων	ἀνθρώπων			n
409@τὴν[7]	τὴν	τήν			n
409@δὲ[15]	δὲ	δέ			n
409@φιλίαν[4]	φιλίαν	φιλίαν			n
409@ἀγαθὸν	ἀγαθὸν	ἀγαθόν			n
409@ὡμολογήκει	ὡμολογήκει	ὡμολογήκει			n
409@πάντως	πάντως	πάντως			n
409@εἶναι[11]	εἶναι	εἶναι			n
409@καὶ[12]	καὶ	καί			n
409@δικαιοσύνης[4]	δικαιοσύνης	δικαιοσύνης			n
409@ἔργον[5]	ἔργον	ἔργον			n
409@ὥστε[2]	ὥστε	ὥστε			n
409@ταὐτὸν	ταὐτὸν	ταὐτόν			n
409@ἔφησεν	ἔφησεν	ἔφησεν			n
409@εἶναι[12]	εἶναι	εἶναι			n
409@ὁμόνοιαν[3]	ὁμόνοιαν	ὁμόνοιαν			n
409@καὶ[13]	καὶ	καί			n
409@ἐπιστήμην[2]	ἐπιστήμην	ἐπιστήμην			n
409@οὖσαν	οὖσαν	οὖσαν			n
409@ἀλλʼ	ἀλλʼ	ἀλλʼ			n
409@οὐ[8]	οὐ	οὐ			n
409@δόξαν	δόξαν	δόξαν			n
410@ΚΛΕΙ	ΚΛΕΙ	κλει			n
410@ὅτε	ὅτε	ὅτε			n
410@δὴ	δὴ	δή			n
410@ἐνταῦθα	ἐνταῦθα	ἐνταῦθα			n
410@ἦμεν	ἦμεν	ἦμεν			n
410@τοῦ	τοῦ	τοῦ			n
410@λόγου	λόγου	λόγου			n
410@ἀποροῦντες	ἀποροῦντες	ἀποροῦντες			n
410@οἱ	οἱ	οἱ			n
410@παρόντες	παρόντες	παρόντες			n
410@ἱκανοὶ	ἱκανοὶ	ἱκανοί			n
410@ἦσαν	ἦσαν	ἦσαν			n
410@ἐπιπλήττειν	ἐπιπλήττειν	ἐπιπλήττειν			n
410@τε[5]	τε	τέ			n
410@αὐτῷ	αὐτῷ	αὐτῷ			n
410@καὶ	καὶ	καί			n
410@λέγειν	λέγειν	λέγειν			n
410@ὅτι	ὅτι	ὅτι			n
410@περιδεδράμηκεν	περιδεδράμηκεν	περιδεδράμηκεν			n
410@εἰς	εἰς	εἰς			n
410@ταὐτὸν	ταὐτὸν	ταὐτόν			n
410@ὁ	ὁ	ὁ			n
410@λόγος	λόγος	λόγος			n
410@τοῖς	τοῖς	τοῖς			n
410@πρώτοις	πρώτοις	πρώτοις			n
410@καὶ[2]	καὶ	καί			n
410@ἔλεγον	ἔλεγον	ἔλεγον			n
410@ὅτι[2]	ὅτι	ὅτι			n
410@καὶ[3]	καὶ	καί			n
410@ἡ	ἡ	ἡ			n
410@ἰατρικὴ	ἰατρικὴ	ἰατρική			n
410@ὁμόνοιά	ὁμόνοιά	ὁμόνοια			n
410@τίς	τίς	τίς			n
410@ἐστι	ἐστι	ἐστί			n
410@καὶ[4]	καὶ	καί			n
410@ἅπασαι	ἅπασαι	ἅπασαι			n
410@αἱ	αἱ	αἱ			n
410@τέχναι	τέχναι	τέχναι			n
410@καὶ[5]	καὶ	καί			n
410@περὶ	περὶ	περί			n
410@ὅτου	ὅτου	ὅτου			n
410@εἰσὶν	εἰσὶν	εἰσίν			n
410@ἔχουσι	ἔχουσι	ἔχουσι			n
410@λέγειν[2]	λέγειν	λέγειν			n
410@τὴν	τὴν	τήν			n
410@δὲ	δὲ	δέ			n
410@ὑπὸ	ὑπὸ	ὑπό			n
410@σοῦ	σοῦ	σοῦ			n
410@λεγομένην	λεγομένην	λεγομένην			n
410@δικαιοσύνην	δικαιοσύνην	δικαιοσύνην			n
410@ἢ	ἢ	ἤ			n
410@ὁμόνοιαν	ὁμόνοιαν	ὁμόνοιαν			n
410@ὅποι	ὅποι	ὅποι			n
410@τείνουσά	τείνουσά	τείνουσα			n
410@ἐστιν	ἐστιν	ἐστίν			n
410@διαπέφευγεν	διαπέφευγεν	διαπέφευγεν			n
410@καὶ[6]	καὶ	καί			n
410@ἄδηλον	ἄδηλον	ἄδηλον			n
410@αὐτῆς	αὐτῆς	αὐτῆς			n
410@ὅτι[3]	ὅτι	ὅτι			n
410@ποτʼ	ποτʼ	ποτʼ			n
410@ἔστιν	ἔστιν	ἔστιν			n
410@τὸ[2]	τὸ	τό			n
410@ἔργον	ἔργον	ἔργον			n
410@ταῦτα	ταῦτα	ταῦτα			n
410@ὦ	ὦ	ὦ			n
410@Σώκρατες	Σώκρατες	σώκρατες			n
410@ἐγὼ	ἐγὼ	ἐγώ			n
410@τελευτῶν	τελευτῶν	τελευτῶν			n
410@καὶ[7]	καὶ	καί			n
410@σὲ	σὲ	σέ			n
410@αὐτὸν[2]	αὐτὸν	αὐτόν			n
410@ἠρώτων	ἠρώτων	ἠρώτων			n
410@καὶ[8]	καὶ	καί			n
410@εἶπές	εἶπές	εἶπες			n
410@μοι	μοι	μοι			n
410@δικαιοσύνης	δικαιοσύνης	δικαιοσύνης			n
410@εἶναι	εἶναι	εἶναι			n
410@τοὺς	τοὺς	τούς			n
410@μὲν	μὲν	μέν			n
410@ἐχθροὺς	ἐχθροὺς	ἐχθρούς			n
410@βλάπτειν	βλάπτειν	βλάπτειν			n
410@τοὺς[2]	τοὺς	τούς			n
410@δὲ[2]	δὲ	δέ			n
410@φίλους	φίλους	φίλους			n
410@εὖ	εὖ	εὖ			n
410@ποιεῖν	ποιεῖν	ποιεῖν			n
410@ὕστερον	ὕστερον	ὕστερον			n
410@δὲ[3]	δὲ	δέ			n
410@ἐφάνη	ἐφάνη	ἐφάνη			n
410@βλάπτειν[2]	βλάπτειν	βλάπτειν			n
410@γε[4]	γε	γέ			n
410@οὐδέποτε	οὐδέποτε	οὐδέποτε			n
410@ὁ[4]	ὁ	ὁ			n
410@δίκαιος	δίκαιος	δίκαιος			n
410@οὐδένα	οὐδένα	οὐδένα			n
410@πάντα	πάντα	πάντα			n
410@γὰρ	γὰρ	γάρ			n
410@ἐπʼ	ἐπʼ	ἐπʼ			n
410@ὠφελίᾳ	ὠφελίᾳ	ὠφελίᾳ			n
410@πάντας	πάντας	πάντας			n
410@δρᾶν	δρᾶν	δρᾶν			n
410@ταῦτα[2]	ταῦτα	ταῦτα			n
410@δὲ[4]	δὲ	δέ			n
410@οὐχ	οὐχ	οὐ			n
410@ἅπαξ	ἅπαξ	ἅπαξ			n
410@οὐδὲ	οὐδὲ	οὐδέ			n
410@δὶς	δὶς	δίς			n
410@ἀλλὰ	ἀλλὰ	ἀλλά			n
410@πολὺν	πολὺν	πολύν			n
410@δὴ[2]	δὴ	δή			n
410@ὑπομείνας	ὑπομείνας	ὑπομείνας			n
410@χρόνον	χρόνον	χρόνον			n
410@καὶ[9]	καὶ	καί			n
410@λιπαρῶν	λιπαρῶν	λιπαρῶν			n
410@ἀπείρηκα	ἀπείρηκα	ἀπείρηκα			n
410@νομίσας	νομίσας	νομίσας			n
410@σε	σε	σε			n
410@τὸ[4]	τὸ	τό			n
410@μὲν[2]	μὲν	μέν			n
410@προτρέπειν	προτρέπειν	προτρέπειν			n
410@εἰς[2]	εἰς	εἰς			n
410@ἀρετῆς	ἀρετῆς	ἀρετῆς			n
410@ἐπιμέλειαν	ἐπιμέλειαν	ἐπιμέλειαν			n
410@κάλλιστʼ	κάλλιστʼ	κάλλιστʼ			n
410@ἀνθρώπων	ἀνθρώπων	ἀνθρώπων			n
410@δρᾶν[2]	δρᾶν	δρᾶν			n
410@δυοῖν	δυοῖν	δυοῖν			n
410@δὲ[6]	δὲ	δέ			n
410@θάτερον	θάτερον	θάτερον			n
410@ἢ[2]	ἢ	ἤ			n
410@τοσοῦτον	τοσοῦτον	τοσοῦτον			n
410@μόνον	μόνον	μόνον			n
410@δύνασθαι	δύνασθαι	δύνασθαι			n
410@μακρότερον	μακρότερον	μακρότερον			n
410@δὲ[7]	δὲ	δέ			n
410@οὐδέν[2]	οὐδέν	οὐδέν			n
410@ὃ	ὃ	ὅ			n
410@γένοιτʼ	γένοιτʼ	γένοιτʼ			n
410@ἂν	ἂν	ἄν			n
410@καὶ[10]	καὶ	καί			n
410@περὶ[2]	περὶ	περί			n
410@ἄλλην	ἄλλην	ἄλλην			n
410@ἡντιναοῦν	ἡντιναοῦν	ἡντιναοῦν			n
410@τέχνην	τέχνην	τέχνην			n
410@οἷον	οἷον	οἷον			n
410@μὴ	μὴ	μή			n
410@ὄντα	ὄντα	ὄντα			n
410@κυβερνήτην	κυβερνήτην	κυβερνήτην			n
410@καταμελετῆσαι	καταμελετῆσαι	καταμελετῆσαι			n
410@τὸν[3]	τὸν	τόν			n
410@ἔπαινον	ἔπαινον	ἔπαινον			n
410@περὶ[3]	περὶ	περί			n
410@αὐτῆς[2]	αὐτῆς	αὐτῆς			n
410@ὡς	ὡς	ὡς			n
410@πολλοῦ	πολλοῦ	πολλοῦ			n
410@τοῖς[2]	τοῖς	τοῖς			n
410@ἀνθρώποις	ἀνθρώποις	ἀνθρώποις			n
410@ἀξία	ἀξία	ἀξία			n
410@καὶ[11]	καὶ	καί			n
410@περὶ[4]	περὶ	περί			n
410@τῶν[2]	τῶν	τῶν			n
410@ἄλλων	ἄλλων	ἄλλων			n
410@τεχνῶν	τεχνῶν	τεχνῶν			n
410@ὡσαύτως	ὡσαύτως	ὡσαύτως			n
410@ταὐτὸν[2]	ταὐτὸν	ταὐτόν			n
410@δὴ[3]	δὴ	δή			n
410@καὶ[12]	καὶ	καί			n
410@σοί	σοί	σοί			n
410@τις	τις	τὶς			n
410@ἐπενέγκοι	ἐπενέγκοι	ἐπενέγκοι			n
410@τάχʼ	τάχʼ	τάχʼ			n
410@ἂν[2]	ἂν	ἄν			n
410@περὶ[5]	περὶ	περί			n
410@δικαιοσύνης[2]	δικαιοσύνης	δικαιοσύνης			n
410@ὡς[2]	ὡς	ὡς			n
410@οὐ[6]	οὐ	οὐ			n
410@μᾶλλον	μᾶλλον	μᾶλλον			n
410@ὄντι	ὄντι	ὄντι			n
410@δικαιοσύνης[3]	δικαιοσύνης	δικαιοσύνης			n
410@ἐπιστήμονι	ἐπιστήμονι	ἐπιστήμονι			n
410@διότι	διότι	διότι			n
410@καλῶς	καλῶς	καλῶς			n
410@αὐτὴν	αὐτὴν	αὐτήν			n
410@ἐγκωμιάζεις	ἐγκωμιάζεις	ἐγκωμιάζεις			n
410@οὐ[7]	οὐ	οὐ			n
410@μὴν	μὴν	μήν			n
410@τό	τό	τό			n
410@γε[5]	γε	γέ			n
410@ἐμὸν	ἐμὸν	ἐμόν			n
410@οὕτως	οὕτως	οὕτως			n
410@ἔχει	ἔχει	ἔχει			n
410@δυοῖν[2]	δυοῖν	δυοῖν			n
410@δὲ[8]	δὲ	δέ			n
410@θάτερον[2]	θάτερον	θάτερον			n
410@ἢ[3]	ἢ	ἤ			n
410@οὐκ	οὐκ	οὐ			n
410@εἰδέναι	εἰδέναι	εἰδέναι			n
410@σε[2]	σε	σε			n
410@ἢ[4]	ἢ	ἤ			n
410@οὐκ[2]	οὐκ	οὐ			n
410@ἐθέλειν	ἐθέλειν	ἐθέλειν			n
410@αὐτῆς[3]	αὐτῆς	αὐτῆς			n
410@ἐμοὶ	ἐμοὶ	ἐμοί			n
410@κοινωνεῖν	κοινωνεῖν	κοινωνεῖν			n
410@διὰ	διὰ	διά			n
410@ταῦτα[3]	ταῦτα	ταῦτα			n
410@δὴ[4]	δὴ	δή			n
410@καὶ[13]	καὶ	καί			n
410@πρὸς	πρὸς	πρός			n
410@Θρασύμαχον	Θρασύμαχον	θρασύμαχον			n
410@οἶμαι	οἶμαι	οἶμαι			n
410@πορεύσομαι	πορεύσομαι	πορεύσομαι			n
410@καὶ[14]	καὶ	καί			n
410@ἄλλοσε	ἄλλοσε	ἄλλοσε			n
410@ὅποι[2]	ὅποι	ὅποι			n
410@δύναμαι	δύναμαι	δύναμαι			n
410@ἀπορῶν	ἀπορῶν	ἀπορῶν			n
410@ἐπεὶ	ἐπεὶ	ἐπεί			n
410@εἴ	εἴ	εἴ			n
410@γʼ	γʼ	γʼ			n
410@ἐθέλεις	ἐθέλεις	ἐθέλεις			n
410@σὺ	σὺ	σύ			n
410@τούτων	τούτων	τούτων			n
410@μὲν[3]	μὲν	μέν			n
410@ἤδη	ἤδη	ἤδη			n
410@παύσασθαι	παύσασθαι	παύσασθαι			n
410@πρὸς[2]	πρὸς	πρός			n
410@ἐμὲ	ἐμὲ	ἐμέ			n
410@τῶν[3]	τῶν	τῶν			n
410@λόγων	λόγων	λόγων			n
410@τῶν[4]	τῶν	τῶν			n
410@προτρεπτικῶν	προτρεπτικῶν	προτρεπτικῶν			n
410@οἷον[2]	οἷον	οἷον			n
410@δέ[5]	δέ	δέ			n
410@εἰ[5]	εἰ	εἰ			n
410@περὶ[6]	περὶ	περί			n
410@γυμναστικῆς	γυμναστικῆς	γυμναστικῆς			n
410@προτετραμμένος	προτετραμμένος	προτετραμμένος			n
410@ἦ[3]	ἦ	ἦ			n
410@τοῦ[2]	τοῦ	τοῦ			n
410@σώματος	σώματος	σώματος			n
410@δεῖν	δεῖν	δεῖν			n
410@μὴ[3]	μὴ	μή			n
410@ἀμελεῖν	ἀμελεῖν	ἀμελεῖν			n
410@τὸ[7]	τὸ	τό			n
410@ἐφεξῆς	ἐφεξῆς	ἐφεξῆς			n
410@ἂν[3]	ἂν	ἄν			n
410@τῷ[2]	τῷ	τῷ			n
410@προτρεπτικῷ	προτρεπτικῷ	προτρεπτικῷ			n
410@λόγῳ	λόγῳ	λόγῳ			n
410@ἔλεγες	ἔλεγες	ἔλεγες			n
410@οἷον[3]	οἷον	οἷον			n
410@τὸ[8]	τὸ	τό			n
410@σῶμά	σῶμά	σῶμα			n
410@μου	μου	μου			n
410@φύσει	φύσει	φύσει			n
410@ὂν	ὂν	ὄν			n
410@οἵας	οἵας	οἵας			n
410@θεραπείας	θεραπείας	θεραπείας			n
410@δεῖται	δεῖται	δεῖται			n
410@καὶ[15]	καὶ	καί			n
410@νῦν	νῦν	νῦν			n
410@δὴ[5]	δὴ	δή			n
410@ταὐτὸν[3]	ταὐτὸν	ταὐτόν			n
410@γιγνέσθω	γιγνέσθω	γιγνέσθω			n
410@θὲς	θὲς	θές			n
410@τὸν[6]	τὸν	τόν			n
410@Κλειτοφῶντα	Κλειτοφῶντα	κλειτοφῶντα			n
410@ὁμολογοῦντα	ὁμολογοῦντα	ὁμολογοῦντα			n
410@ὡς[3]	ὡς	ὡς			n
410@ἔστιν[2]	ἔστιν	ἔστιν			n
410@καταγέλαστον	καταγέλαστον	καταγέλαστον			n
410@τῶν[5]	τῶν	τῶν			n
410@μὲν[4]	μὲν	μέν			n
410@ἄλλων[2]	ἄλλων	ἄλλων			n
410@ἐπιμέλειαν[2]	ἐπιμέλειαν	ἐπιμέλειαν			n
410@ποιεῖσθαι	ποιεῖσθαι	ποιεῖσθαι			n
410@ψυχῆς	ψυχῆς	ψυχῆς			n
410@δέ[6]	δέ	δέ			n
410@ἧς	ἧς	ἧς			n
410@ἕνεκα	ἕνεκα	ἕνεκα			n
410@τἆλλα	τἆλλα	τἆλλα			n
410@διαπονούμεθα	διαπονούμεθα	διαπονούμεθα			n
410@ταύτης	ταύτης	ταύτης			n
410@ἠμεληκέναι	ἠμεληκέναι	ἠμεληκέναι			n
410@καὶ[16]	καὶ	καί			n
410@τἆλλα[2]	τἆλλα	τἆλλα			n
410@πάντα[3]	πάντα	πάντα			n
410@οἴου	οἴου	οἴου			n
410@με[7]	με	με			n
410@νῦν[2]	νῦν	νῦν			n
410@οὕτως[2]	οὕτως	οὕτως			n
410@εἰρηκέναι	εἰρηκέναι	εἰρηκέναι			n
410@τὰ	τὰ	τά			n
410@τούτοις	τούτοις	τούτοις			n
410@ἑξῆς	ἑξῆς	ἑξῆς			n
410@ἃ	ἃ	ἅ			n
410@καὶ[17]	καὶ	καί			n
410@νυνδὴ	νυνδὴ	νυνδή			n
410@διῆλθον	διῆλθον	διῆλθον			n
410@καί	καί	καί			n
410@σου	σου	σου			n
410@δεόμενος	δεόμενος	δεόμενος			n
410@λέγω	λέγω	λέγω			n
410@μηδαμῶς	μηδαμῶς	μηδαμῶς			n
410@ἄλλως	ἄλλως	ἄλλως			n
410@ποιεῖν[2]	ποιεῖν	ποιεῖν			n
410@ἵνα	ἵνα	ἵνα			n
410@μή	μή	μή			n
410@καθάπερ	καθάπερ	καθάπερ			n
410@νῦν[3]	νῦν	νῦν			n
410@τὰ[2]	τὰ	τά			n
410@μὲν[5]	μὲν	μέν			n
410@ἐπαινῶ	ἐπαινῶ	ἐπαινῶ			n
410@σε[5]	σε	σε			n
410@πρὸς[3]	πρὸς	πρός			n
410@Λυσίαν	Λυσίαν	λυσίαν			n
410@καὶ[18]	καὶ	καί			n
410@πρὸς[4]	πρὸς	πρός			n
410@τοὺς[3]	τοὺς	τούς			n
410@ἄλλους	ἄλλους	ἄλλους			n
410@τὰ[3]	τὰ	τά			n
410@δέ[7]	δέ	δέ			n
410@τι[15]	τι	τὶ			n
410@καὶ[19]	καὶ	καί			n
410@ψέγω	ψέγω	ψέγω			n
410@μὴ[4]	μὴ	μή			n
410@μὲν[6]	μὲν	μέν			n
410@γὰρ[2]	γὰρ	γάρ			n
410@προτετραμμένῳ	προτετραμμένῳ	προτετραμμένῳ			n
410@σε[6]	σε	σε			n
410@ἀνθρώπῳ	ἀνθρώπῳ	ἀνθρώπῳ			n
410@ὦ[2]	ὦ	ὦ			n
410@Σώκρατες[2]	Σώκρατες	σώκρατες			n
410@ἄξιον	ἄξιον	ἄξιον			n
410@εἶναι[2]	εἶναι	εἶναι			n
410@τοῦ[3]	τοῦ	τοῦ			n
410@παντὸς	παντὸς	παντός			n
410@φήσω	φήσω	φήσω			n
410@προτετραμμένῳ[2]	προτετραμμένῳ	προτετραμμένῳ			n
410@δὲ[9]	δὲ	δέ			n
410@σχεδὸν	σχεδὸν	σχεδόν			n
410@καὶ[20]	καὶ	καί			n
410@ἐμπόδιον	ἐμπόδιον	ἐμπόδιον			n
410@τοῦ[4]	τοῦ	τοῦ			n
410@πρὸς[5]	πρὸς	πρός			n
410@τέλος	τέλος	τέλος			n
410@ἀρετῆς[2]	ἀρετῆς	ἀρετῆς			n
410@ἐλθόντα	ἐλθόντα	ἐλθόντα			n
410@εὐδαίμονα	εὐδαίμονα	εὐδαίμονα			n
410@γενέσθαι	γενέσθαι	γενέσθαι			n
